-- MySQL dump 10.17  Distrib 10.3.17-MariaDB, for debian-linux-gnueabihf (armv7l)
--
-- Host: localhost    Database: project1db_5.0
-- ------------------------------------------------------
-- Server version	10.3.17-MariaDB-0+deb10u1

/*!40101 SET @OLD_CHARACTER_SET_CLIENT=@@CHARACTER_SET_CLIENT */;
/*!40101 SET @OLD_CHARACTER_SET_RESULTS=@@CHARACTER_SET_RESULTS */;
/*!40101 SET @OLD_COLLATION_CONNECTION=@@COLLATION_CONNECTION */;
/*!40101 SET NAMES utf8mb4 */;
/*!40103 SET @OLD_TIME_ZONE=@@TIME_ZONE */;
/*!40103 SET TIME_ZONE='+00:00' */;
/*!40014 SET @OLD_UNIQUE_CHECKS=@@UNIQUE_CHECKS, UNIQUE_CHECKS=0 */;
/*!40014 SET @OLD_FOREIGN_KEY_CHECKS=@@FOREIGN_KEY_CHECKS, FOREIGN_KEY_CHECKS=0 */;
/*!40101 SET @OLD_SQL_MODE=@@SQL_MODE, SQL_MODE='NO_AUTO_VALUE_ON_ZERO' */;
/*!40111 SET @OLD_SQL_NOTES=@@SQL_NOTES, SQL_NOTES=0 */;

--
-- Table structure for table `Container`
--

DROP TABLE IF EXISTS `Container`;
/*!40101 SET @saved_cs_client     = @@character_set_client */;
/*!40101 SET character_set_client = utf8 */;
CREATE TABLE `Container` (
  `ContainerID` int(11) NOT NULL,
  `ContainerLocation` varchar(45) DEFAULT NULL,
  `MaxLevel` float NOT NULL,
  PRIMARY KEY (`ContainerID`)
) ENGINE=InnoDB DEFAULT CHARSET=utf8;
/*!40101 SET character_set_client = @saved_cs_client */;

--
-- Dumping data for table `Container`
--

LOCK TABLES `Container` WRITE;
/*!40000 ALTER TABLE `Container` DISABLE KEYS */;
INSERT INTO `Container` VALUES (1,'OskarD BVBA',6);
/*!40000 ALTER TABLE `Container` ENABLE KEYS */;
UNLOCK TABLES;

--
-- Table structure for table `Device`
--

DROP TABLE IF EXISTS `Device`;
/*!40101 SET @saved_cs_client     = @@character_set_client */;
/*!40101 SET character_set_client = utf8 */;
CREATE TABLE `Device` (
  `DeviceID` int(11) NOT NULL,
  `DeviceName` varchar(45) NOT NULL,
  `DeviceType` varchar(45) NOT NULL,
  PRIMARY KEY (`DeviceID`)
) ENGINE=InnoDB DEFAULT CHARSET=utf8;
/*!40101 SET character_set_client = @saved_cs_client */;

--
-- Dumping data for table `Device`
--

LOCK TABLES `Device` WRITE;
/*!40000 ALTER TABLE `Device` DISABLE KEYS */;
INSERT INTO `Device` VALUES (1,'One-wire temperature sensor DS18B20','sensor'),(2,'Ultrasonic sensor','sensor'),(3,'Ultrasonic sensor','sensor'),(4,'Peristaltic Pump','actuator'),(5,'LCD display','actuator');
/*!40000 ALTER TABLE `Device` ENABLE KEYS */;
UNLOCK TABLES;

--
-- Table structure for table `History`
--

DROP TABLE IF EXISTS `History`;
/*!40101 SET @saved_cs_client     = @@character_set_client */;
/*!40101 SET character_set_client = utf8 */;
CREATE TABLE `History` (
  `HistoryID` int(11) NOT NULL AUTO_INCREMENT,
  `HistoryDate` datetime NOT NULL DEFAULT current_timestamp(),
  `HistoryValue` float DEFAULT NULL,
  `DeviceID` int(11) NOT NULL,
  `UserID` int(11) NOT NULL,
  PRIMARY KEY (`HistoryID`),
  KEY `fk_History_Device_idx` (`DeviceID`),
  KEY `fk_History_User1_idx` (`UserID`),
  CONSTRAINT `fk_History_Device` FOREIGN KEY (`DeviceID`) REFERENCES `Device` (`DeviceID`) ON DELETE NO ACTION ON UPDATE NO ACTION,
  CONSTRAINT `fk_History_User1` FOREIGN KEY (`UserID`) REFERENCES `User` (`UserID`) ON DELETE NO ACTION ON UPDATE NO ACTION
) ENGINE=InnoDB AUTO_INCREMENT=645 DEFAULT CHARSET=utf8;
/*!40101 SET character_set_client = @saved_cs_client */;

--
-- Dumping data for table `History`
--

LOCK TABLES `History` WRITE;
/*!40000 ALTER TABLE `History` DISABLE KEYS */;
INSERT INTO `History` VALUES (1,'2020-06-11 16:48:24',20.062,1,1),(2,'2020-06-11 16:50:21',20.062,1,1),(3,'2020-06-11 16:50:30',20.125,1,1),(4,'2020-06-11 17:05:43',20.062,1,1),(5,'2020-06-12 17:48:04',22.75,1,1),(6,'2020-06-12 17:48:35',22.75,1,1),(7,'2020-06-12 17:48:42',22.812,1,1),(8,'2020-06-12 17:49:23',22.812,1,1),(9,'2020-06-12 17:49:56',22.812,1,1),(10,'2020-06-12 17:50:14',22.812,1,1),(11,'2020-06-12 17:53:55',22.812,1,1),(12,'2020-06-12 17:54:02',22.812,1,1),(13,'2020-06-12 17:55:22',22.812,1,1),(14,'2020-06-12 17:55:28',22.812,1,1),(15,'2020-06-12 17:55:39',22.812,1,1),(16,'2020-06-12 17:55:55',22.812,1,1),(17,'2020-06-12 17:55:59',22.812,1,1),(18,'2020-06-12 17:56:24',22.812,1,1),(19,'2020-06-12 17:56:41',22.812,1,1),(20,'2020-06-12 17:56:51',22.875,1,1),(21,'2020-06-12 17:57:02',22.812,1,1),(22,'2020-06-12 17:57:51',22.812,1,1),(23,'2020-06-12 17:58:01',22.812,1,1),(24,'2020-06-12 17:58:32',22.812,1,1),(25,'2020-06-12 17:58:56',22.812,1,1),(26,'2020-06-12 18:12:17',83.7004,4,1),(27,'2020-06-12 18:12:29',92.511,4,1),(28,'2020-06-12 18:17:32',22.75,1,1),(29,'2020-06-12 18:18:02',22.812,1,1),(30,'2020-06-12 19:43:58',22.562,1,1),(31,'2020-06-12 20:01:55',96.9163,4,1),(32,'2020-06-12 20:02:08',92.511,4,1),(33,'2020-06-12 20:08:45',22.5,1,1),(34,'2020-06-12 20:31:52',22.562,1,1),(35,'2020-06-12 20:31:57',22.625,1,1),(36,'2020-06-12 21:39:03',22.562,1,1),(37,'2020-06-12 22:21:11',22.562,1,1),(38,'2020-06-12 22:30:47',22.5,1,1),(39,'2020-06-12 22:31:15',22.5,1,1),(40,'2020-06-12 22:31:34',22.562,1,1),(41,'2020-06-12 22:32:21',22.5,1,1),(42,'2020-06-12 22:34:27',22.562,1,1),(43,'2020-06-12 22:34:31',22.625,1,1),(44,'2020-06-12 22:34:39',22.562,1,1),(45,'2020-06-12 22:35:27',22.5,1,1),(46,'2020-06-12 22:35:31',22.562,1,1),(47,'2020-06-12 22:35:38',22.562,1,1),(48,'2020-06-12 22:35:44',22.562,1,1),(49,'2020-06-12 22:35:50',22.562,1,1),(50,'2020-06-12 22:35:55',22.562,1,1),(51,'2020-06-12 22:36:26',22.562,1,1),(52,'2020-06-12 22:38:21',22.562,1,1),(53,'2020-06-12 22:47:08',22.5,1,1),(54,'2020-06-12 22:47:39',22.5,1,1),(55,'2020-06-12 23:11:46',22.437,1,2),(56,'2020-06-12 23:14:07',22.437,1,2),(57,'2020-06-12 23:14:11',22.562,1,2),(58,'2020-06-12 23:15:08',22.437,1,1),(59,'2020-06-12 23:15:48',22.5,1,1),(60,'2020-06-12 23:24:10',22.312,1,1),(61,'2020-06-12 23:28:50',22.062,1,1),(62,'2020-06-12 23:40:15',21.562,1,1),(63,'2020-06-12 23:41:55',21.562,1,1),(64,'2020-06-12 23:43:20',21.625,1,1),(65,'2020-06-12 23:43:58',21.625,1,1),(66,'2020-06-12 23:44:43',21.687,1,1),(67,'2020-06-12 23:44:45',21.812,1,1),(68,'2020-06-12 23:45:11',21.75,1,1),(69,'2020-06-12 23:45:48',21.75,1,1),(70,'2020-06-12 23:45:59',21.75,1,1),(71,'2020-06-12 23:46:01',21.812,1,1),(72,'2020-06-12 23:46:24',21.812,1,1),(73,'2020-06-12 23:46:27',21.875,1,1),(74,'2020-06-12 23:46:35',21.812,1,1),(75,'2020-06-12 23:47:18',21.812,1,1),(76,'2020-06-12 23:47:57',21.812,1,1),(77,'2020-06-12 23:53:57',21.875,1,1),(78,'2020-06-12 23:55:31',21.875,1,1),(79,'2020-06-12 23:55:40',21.937,1,1),(80,'2020-06-12 23:55:57',21.937,1,1),(81,'2020-06-12 23:59:58',21.875,1,1),(82,'2020-06-13 11:15:32',0,1,1),(83,'2020-06-13 11:29:15',22.562,1,1),(84,'2020-06-13 11:29:47',22.562,1,1),(85,'2020-06-13 11:30:32',22.562,1,1),(86,'2020-06-13 11:31:22',22.5,1,1),(87,'2020-06-13 11:40:25',22.375,1,1),(88,'2020-06-13 11:40:56',22.5,1,1),(89,'2020-06-13 11:41:44',22.5,1,1),(90,'2020-06-13 12:20:21',22.625,1,1),(91,'2020-06-13 12:21:46',22.625,1,1),(92,'2020-06-13 12:32:47',22.75,1,1),(93,'2020-06-13 12:33:00',37.51,2,1),(94,'2020-06-13 12:33:16',93.28,2,1),(95,'2020-06-13 12:34:52',22.625,1,1),(96,'2020-06-13 12:35:11',36.92,2,1),(97,'2020-06-13 12:35:30',217.09,2,1),(98,'2020-06-13 12:36:35',22.687,1,1),(99,'2020-06-13 12:37:52',22.75,1,1),(100,'2020-06-13 12:37:53',20.6,3,1),(101,'2020-06-13 12:38:07',217.23,2,1),(102,'2020-06-13 12:38:20',2299.37,2,1),(103,'2020-06-13 12:38:34',268.02,2,1),(104,'2020-06-13 12:38:46',2299.85,2,1),(105,'2020-06-13 12:38:59',217.08,2,1),(106,'2020-06-13 12:39:12',218.44,2,1),(107,'2020-06-13 12:39:55',216.7,2,1),(108,'2020-06-13 12:40:12',217.2,2,1),(109,'2020-06-13 12:40:25',268.31,2,1),(110,'2020-06-13 12:40:37',218.02,2,1),(111,'2020-06-13 12:42:32',6.24,2,1),(112,'2020-06-13 12:42:38',19.95,3,1),(113,'2020-06-13 12:42:40',2301.07,2,1),(114,'2020-06-13 12:43:23',267.43,2,1),(115,'2020-06-13 12:43:35',216.15,2,1),(116,'2020-06-13 12:43:48',5.95,2,1),(117,'2020-06-13 12:43:58',20.15,3,1),(118,'2020-06-13 12:43:58',88.1057,4,1),(119,'2020-06-13 12:44:13',3.78,2,1),(120,'2020-06-13 12:44:23',20.12,3,1),(121,'2020-06-13 12:44:24',74.8899,4,1),(122,'2020-06-13 12:44:26',217.93,2,1),(123,'2020-06-13 12:44:38',4.38,2,1),(124,'2020-06-13 12:45:14',216.79,2,1),(125,'2020-06-13 12:45:27',13.24,2,1),(126,'2020-06-13 12:45:37',20.1,3,1),(127,'2020-06-13 12:45:40',267.61,2,1),(128,'2020-06-13 12:46:37',216.83,2,1),(129,'2020-06-13 12:46:49',217.15,2,1),(130,'2020-06-13 12:47:02',216.71,2,1),(131,'2020-06-13 12:47:15',220.86,2,1),(132,'2020-06-13 12:47:32',10.59,2,1),(133,'2020-06-13 12:47:37',20.08,3,1),(134,'2020-06-13 12:47:40',217.29,2,1),(135,'2020-06-13 14:10:19',20.1,3,1),(136,'2020-06-13 14:11:10',23.125,1,1),(137,'2020-06-13 14:11:12',20.12,3,1),(138,'2020-06-13 14:12:01',217.09,2,1),(139,'2020-06-13 14:12:14',17.37,2,1),(140,'2020-06-13 14:12:24',20.08,3,1),(141,'2020-06-13 14:12:28',2306.01,2,1),(142,'2020-06-13 14:12:41',2305.88,2,1),(143,'2020-06-13 14:13:12',2305.84,2,1),(144,'2020-06-13 14:13:30',2306.12,2,1),(145,'2020-06-13 14:13:42',9.02,2,1),(146,'2020-06-13 14:13:53',20.12,3,1),(147,'2020-06-13 14:13:55',3.74,2,1),(148,'2020-06-13 14:14:05',19.1,3,1),(149,'2020-06-13 14:14:07',3.77,2,1),(150,'2020-06-13 14:14:17',20.07,3,1),(151,'2020-06-13 14:14:33',4.19,2,1),(152,'2020-06-13 14:14:38',20.08,3,1),(153,'2020-06-13 14:14:51',4.19,2,1),(154,'2020-06-13 14:15:02',20.07,3,1),(155,'2020-06-13 14:15:49',4.18,2,1),(156,'2020-06-13 14:15:54',20.13,3,1),(157,'2020-06-13 14:15:56',4.18,2,1),(158,'2020-06-13 14:16:01',20.2,3,1),(159,'2020-06-13 14:16:04',4.16,2,1),(160,'2020-06-13 14:16:09',19.9,3,1),(161,'2020-06-13 14:16:11',4.11,2,1),(162,'2020-06-13 14:16:16',20.42,3,1),(163,'2020-06-13 14:16:20',4.1,2,1),(164,'2020-06-13 14:16:30',20.58,3,1),(165,'2020-06-13 14:16:30',70.4846,4,1),(166,'2020-06-13 14:16:32',4.11,2,1),(167,'2020-06-13 14:16:42',20.56,3,1),(168,'2020-06-13 14:16:43',61.674,4,1),(169,'2020-06-13 14:16:59',4.11,2,1),(170,'2020-06-13 14:17:04',20.57,3,1),(171,'2020-06-13 14:17:06',4.16,2,1),(172,'2020-06-13 14:17:12',20.33,3,1),(173,'2020-06-13 14:17:25',4.1,2,1),(174,'2020-06-13 14:17:35',20.95,3,1),(175,'2020-06-13 14:17:35',273.128,4,1),(176,'2020-06-13 14:18:31',23.375,1,1),(177,'2020-06-13 14:18:32',21,3,1),(178,'2020-06-13 14:20:42',15.08,2,1),(179,'2020-06-13 14:20:47',20.87,3,1),(180,'2020-06-13 14:20:54',15.05,2,1),(181,'2020-06-13 14:20:59',20.64,3,1),(182,'2020-06-13 14:21:01',216.65,2,1),(183,'2020-06-13 14:21:27',216.57,2,1),(184,'2020-06-13 14:21:40',216.65,2,1),(185,'2020-06-13 14:22:20',216.61,2,1),(186,'2020-06-13 14:22:46',14.99,2,1),(187,'2020-06-13 14:22:57',21.06,3,1),(188,'2020-06-13 14:22:59',17.33,2,1),(189,'2020-06-13 14:23:04',21.1,3,1),(190,'2020-06-13 14:24:01',217.49,2,1),(191,'2020-06-13 14:24:13',216.2,2,1),(192,'2020-06-13 14:24:42',13.42,2,1),(193,'2020-06-13 14:24:53',21.09,3,1),(194,'2020-06-13 14:24:55',216.15,2,1),(195,'2020-06-13 14:25:37',216.52,2,1),(196,'2020-06-13 14:25:50',4.57,2,1),(197,'2020-06-13 14:26:00',21.05,3,1),(198,'2020-06-13 14:26:03',21.35,2,1),(199,'2020-06-13 14:26:17',216.71,2,1),(200,'2020-06-13 14:26:50',216.69,2,1),(201,'2020-06-13 14:27:28',217.6,2,1),(202,'2020-06-13 14:27:41',217.66,2,1),(203,'2020-06-13 14:28:02',16.92,2,1),(204,'2020-06-13 14:28:07',21.1,3,1),(205,'2020-06-13 14:28:09',10.95,2,1),(206,'2020-06-13 14:28:15',21.08,3,1),(207,'2020-06-13 14:28:17',13.36,2,1),(208,'2020-06-13 14:28:22',21.07,3,1),(209,'2020-06-13 14:28:24',12.66,2,1),(210,'2020-06-13 14:28:29',21.14,3,1),(211,'2020-06-13 14:28:56',217.6,2,1),(212,'2020-06-13 14:29:09',218.46,2,1),(213,'2020-06-13 14:29:30',2306.68,2,1),(214,'2020-06-13 14:29:42',15.6,2,1),(215,'2020-06-13 14:29:47',21.09,3,1),(216,'2020-06-13 14:30:53',216.7,2,1),(217,'2020-06-13 14:31:06',217.14,2,1),(218,'2020-06-13 14:31:18',5.69,2,1),(219,'2020-06-13 14:31:28',21.13,3,1),(220,'2020-06-13 14:31:31',216.08,2,1),(221,'2020-06-13 14:31:59',7.1,2,1),(222,'2020-06-13 14:32:05',21.1,3,1),(223,'2020-06-13 14:32:09',2309.57,2,1),(224,'2020-06-13 14:32:22',217.05,2,1),(225,'2020-06-13 14:33:12',10.24,2,1),(226,'2020-06-13 14:33:18',21.06,3,1),(227,'2020-06-13 14:33:22',4.47,2,1),(228,'2020-06-13 14:33:32',21.04,3,1),(229,'2020-06-13 14:46:23',23.312,1,1),(230,'2020-06-13 14:46:25',21.51,3,1),(231,'2020-06-13 14:46:42',23.312,1,1),(232,'2020-06-13 14:46:43',21.18,3,1),(233,'2020-06-13 14:46:49',23.437,1,1),(234,'2020-06-13 14:46:51',21.5,3,1),(235,'2020-06-13 14:47:02',23.312,1,1),(236,'2020-06-13 14:47:03',21.55,3,1),(237,'2020-06-13 14:55:09',23.375,1,1),(238,'2020-06-13 14:55:10',21.18,3,1),(239,'2020-06-13 18:13:00',0,1,1),(240,'2020-06-13 18:13:33',0.1,3,1),(241,'2020-06-13 18:13:35',24.87,3,1),(242,'2020-06-13 18:15:13',24.25,1,1),(243,'2020-06-13 18:15:14',28.55,3,1),(244,'2020-06-13 18:32:01',23.812,1,1),(245,'2020-06-13 18:32:02',23.54,3,1),(246,'2020-06-13 18:32:36',23.812,1,1),(247,'2020-06-13 18:32:37',29.01,3,1),(248,'2020-06-13 18:32:58',201.02,2,1),(249,'2020-06-13 18:33:11',202.39,2,1),(250,'2020-06-13 18:35:06',23.75,1,1),(251,'2020-06-13 18:35:07',28.64,3,1),(252,'2020-06-13 18:35:30',202.38,2,1),(253,'2020-06-13 18:35:42',3.86,2,1),(254,'2020-06-13 18:35:53',28.21,3,1),(255,'2020-06-13 18:35:55',200.65,2,1),(256,'2020-06-13 18:36:08',201.52,2,1),(257,'2020-06-14 17:02:45',121.59,2,1),(258,'2020-06-14 17:02:58',121.21,2,1),(259,'2020-06-14 17:03:11',121.65,2,1),(260,'2020-06-14 17:03:24',121.15,2,1),(261,'2020-06-14 17:03:36',122.11,2,1),(262,'2020-06-14 17:03:49',121.59,2,1),(263,'2020-06-14 17:04:04',121.52,2,1),(264,'2020-06-14 17:04:17',121.58,2,1),(265,'2020-06-14 17:04:30',121.57,2,1),(266,'2020-06-14 17:04:45',122.04,2,1),(267,'2020-06-14 17:04:58',121.21,2,1),(268,'2020-06-14 17:05:11',122.06,2,1),(269,'2020-06-14 17:05:55',121.18,2,1),(270,'2020-06-14 17:06:08',121.16,2,1),(271,'2020-06-14 17:06:21',121.13,2,1),(272,'2020-06-14 17:07:22',122.45,2,1),(273,'2020-06-14 17:08:56',122.04,2,1),(274,'2020-06-14 17:09:09',121.56,2,1),(275,'2020-06-14 17:09:59',121.57,2,1),(276,'2020-06-14 17:10:11',121.96,2,1),(277,'2020-06-14 17:10:24',121.58,2,1),(278,'2020-06-14 17:10:37',121.59,2,1),(279,'2020-06-14 17:10:50',122.47,2,1),(280,'2020-06-14 17:13:43',122,2,1),(281,'2020-06-14 17:13:56',121.53,2,1),(282,'2020-06-14 17:16:10',121.46,2,1),(283,'2020-06-14 17:16:22',122.8,2,1),(284,'2020-06-14 17:16:35',120.74,2,1),(285,'2020-06-14 17:16:48',121.22,2,1),(286,'2020-06-14 17:40:16',1.35,2,1),(287,'2020-06-14 17:56:39',6.32,2,1),(288,'2020-06-14 17:56:44',27.77,3,1),(289,'2020-06-14 17:56:47',6.39,2,1),(290,'2020-06-14 17:56:57',27.76,3,1),(291,'2020-06-14 17:56:59',6.36,2,1),(292,'2020-06-14 17:57:09',27.78,3,1),(293,'2020-06-14 17:57:09',4.40529,4,1),(294,'2020-06-14 18:09:06',6.43,2,1),(295,'2020-06-14 18:09:11',28.57,3,1),(296,'2020-06-14 18:09:14',6.37,2,1),(297,'2020-06-14 18:09:19',28.55,3,1),(298,'2020-06-14 18:09:21',6.38,2,1),(299,'2020-06-14 18:09:31',28.62,3,1),(300,'2020-06-14 18:09:31',30.837,4,1),(301,'2020-06-14 18:56:53',5.28,2,1),(302,'2020-06-14 18:56:58',18.84,3,1),(303,'2020-06-14 18:57:49',5.62,2,1),(304,'2020-06-14 18:57:54',19.71,3,1),(305,'2020-06-14 18:57:56',5.68,2,1),(306,'2020-06-14 18:58:06',20.17,3,1),(307,'2020-06-14 18:58:06',202.643,4,1),(308,'2020-06-14 19:01:22',20.62,3,1),(309,'2020-06-14 19:02:03',20.26,3,1),(310,'2020-06-14 19:02:09',19.76,3,1),(311,'2020-06-14 19:02:40',0,1,1),(312,'2020-06-14 19:02:42',20.22,3,1),(313,'2020-06-14 19:02:43',0,1,1),(314,'2020-06-14 19:02:44',19.79,3,1),(315,'2020-06-14 19:39:28',20.3,3,1),(316,'2020-06-14 20:05:58',19.81,3,1),(317,'2020-06-14 20:50:01',23.625,1,1),(318,'2020-06-14 20:50:02',20.24,3,1),(319,'2020-06-14 21:02:45',195.71,2,1),(320,'2020-06-14 21:02:58',195.33,2,1),(321,'2020-06-14 21:06:32',192.31,2,1),(322,'2020-06-14 21:06:45',194.09,2,1),(323,'2020-06-14 21:09:41',4.43,2,1),(324,'2020-06-14 21:09:46',19.79,3,1),(325,'2020-06-14 21:10:14',3.8,2,1),(326,'2020-06-14 21:10:24',20.09,3,1),(327,'2020-06-14 21:10:24',132.159,4,1),(328,'2020-06-14 21:11:12',0,1,1),(329,'2020-06-14 21:11:13',20.15,3,1),(330,'2020-06-14 21:11:48',22.187,1,1),(331,'2020-06-14 21:11:49',20.19,3,1),(332,'2020-06-14 21:12:07',22.125,1,1),(333,'2020-06-14 21:12:09',20.2,3,1),(334,'2020-06-14 21:14:54',72.77,2,2),(335,'2020-06-14 21:15:06',183.8,2,2),(336,'2020-06-14 21:30:23',4.48,2,1),(337,'2020-06-14 21:30:28',20.11,3,1),(338,'2020-06-14 21:30:37',56.86,2,1),(339,'2020-06-14 21:34:49',3.61,2,1),(340,'2020-06-14 21:34:55',20.47,3,1),(341,'2020-06-14 21:35:11',3.85,2,1),(342,'2020-06-14 21:35:16',20.5,3,1),(343,'2020-06-14 21:35:20',6.31,2,1),(344,'2020-06-14 21:35:25',20.49,3,1),(345,'2020-06-14 21:35:29',6.34,2,1),(346,'2020-06-14 21:35:35',20.49,3,1),(347,'2020-06-14 21:35:53',6.33,2,1),(348,'2020-06-14 21:36:03',20.57,3,1),(349,'2020-06-14 21:36:03',35.2423,4,1),(350,'2020-06-14 21:36:07',6.33,2,1),(351,'2020-06-14 21:36:17',20.55,3,1),(352,'2020-06-14 21:36:18',26.4317,4,1),(353,'2020-06-14 21:39:06',5.86,2,1),(354,'2020-06-14 21:39:12',20.16,3,1),(355,'2020-06-14 21:39:43',6.81,2,1),(356,'2020-06-14 21:39:48',20.52,3,1),(357,'2020-06-14 21:39:52',6.52,2,1),(358,'2020-06-14 21:40:03',20.55,3,1),(359,'2020-06-14 21:40:03',13.2159,4,1),(360,'2020-06-14 21:40:07',6.08,2,1),(361,'2020-06-14 21:40:17',20.59,3,1),(362,'2020-06-14 21:40:17',30.837,4,1),(363,'2020-06-14 21:43:34',2314.84,2,1),(364,'2020-06-14 21:43:47',6.19,2,1),(365,'2020-06-14 21:43:52',20.59,3,1),(366,'2020-06-14 21:43:57',4.33,2,1),(367,'2020-06-14 21:44:03',21.1,3,1),(368,'2020-06-14 21:44:07',5.08,2,1),(369,'2020-06-14 21:44:17',21.68,3,1),(370,'2020-06-14 21:44:17',255.507,4,1),(371,'2020-06-14 21:47:11',188.28,2,1),(372,'2020-06-14 21:47:24',2.74,2,1),(373,'2020-06-14 21:47:30',21.29,3,1),(374,'2020-06-14 21:47:34',4.38,2,1),(375,'2020-06-14 21:47:44',21.26,3,1),(376,'2020-06-14 21:47:48',2.94,2,1),(377,'2020-06-14 21:47:53',21.29,3,1),(378,'2020-06-14 21:47:57',4.46,2,1),(379,'2020-06-14 21:48:07',20.92,3,1),(380,'2020-06-14 21:48:11',188.31,2,1),(381,'2020-06-14 21:53:35',3.02,2,1),(382,'2020-06-14 21:53:41',21.34,3,1),(383,'2020-06-14 21:53:45',3.11,2,1),(384,'2020-06-14 21:53:50',21.02,3,1),(385,'2020-06-14 21:53:54',2.66,2,1),(386,'2020-06-14 21:53:59',22.03,3,1),(387,'2020-06-14 21:54:04',188.78,2,1),(388,'2020-06-14 21:59:44',4.42,2,1),(389,'2020-06-14 21:59:49',22.84,3,1),(390,'2020-06-14 22:00:00',62.74,2,1),(391,'2020-06-14 22:01:18',5.98,2,1),(392,'2020-06-14 22:01:23',22.48,3,1),(393,'2020-06-14 22:01:45',4.47,2,1),(394,'2020-06-14 22:01:55',21.77,3,1),(395,'2020-06-14 22:03:58',4.87,2,1),(396,'2020-06-14 22:04:04',22.4,3,1),(397,'2020-06-14 22:04:09',4.29,2,1),(398,'2020-06-14 22:04:15',22.9,3,1),(399,'2020-06-14 22:04:22',4.6,2,1),(400,'2020-06-14 22:04:27',22.23,3,1),(401,'2020-06-14 22:04:31',3.77,2,1),(402,'2020-06-14 22:04:42',22.76,3,1),(403,'2020-06-14 22:04:42',233.48,4,1),(404,'2020-06-14 22:08:08',4.64,2,1),(405,'2020-06-14 22:08:13',22.75,3,1),(406,'2020-06-14 22:08:35',4.06,2,1),(407,'2020-06-14 22:08:45',22.66,3,1),(408,'2020-06-14 22:08:51',22.25,1,1),(409,'2020-06-14 22:08:52',22.69,3,1),(410,'2020-06-14 22:12:06',3.89,2,1),(411,'2020-06-14 22:12:11',22.69,3,1),(412,'2020-06-14 22:12:33',5.12,2,1),(413,'2020-06-14 22:12:43',24.17,3,1),(414,'2020-06-14 22:12:43',651.982,4,1),(415,'2020-06-14 22:15:18',22.25,1,1),(416,'2020-06-14 22:15:19',20.92,3,1),(417,'2020-06-14 22:16:37',4.7,2,2),(418,'2020-06-14 22:16:42',19.87,3,2),(419,'2020-06-14 22:17:03',3.5,2,2),(420,'2020-06-14 22:17:13',21.61,3,2),(421,'2020-06-14 22:17:13',766.52,4,2),(422,'2020-06-14 22:17:54',22.25,1,2),(423,'2020-06-14 22:18:00',0.07,3,2),(424,'2020-06-14 22:18:04',22.312,1,2),(425,'2020-06-14 22:18:07',0.06,3,2),(426,'2020-06-14 22:18:33',4.46,2,2),(427,'2020-06-14 22:18:38',21.31,3,2),(428,'2020-06-14 22:18:50',4.85,2,2),(429,'2020-06-14 22:19:00',21.03,3,2),(430,'2020-06-14 22:19:38',4.2,2,2),(431,'2020-06-14 22:19:43',20.98,3,2),(432,'2020-06-14 22:19:55',3.53,2,2),(433,'2020-06-14 22:20:05',21.54,3,2),(434,'2020-06-14 22:20:05',246.696,4,2),(435,'2020-06-14 22:20:44',22.25,1,2),(436,'2020-06-14 22:20:45',21.55,3,2),(437,'2020-06-14 22:22:27',22.25,1,2),(438,'2020-06-14 22:22:28',18,3,2),(439,'2020-06-14 22:22:44',5.54,2,2),(440,'2020-06-14 22:22:49',17.97,3,2),(441,'2020-06-14 22:23:07',6.2,2,2),(442,'2020-06-14 22:23:18',18.19,3,2),(443,'2020-06-14 22:23:18',96.9163,4,2),(444,'2020-06-14 22:25:25',4.47,2,2),(445,'2020-06-14 22:25:30',18.18,3,2),(446,'2020-06-14 22:25:51',4.65,2,2),(447,'2020-06-14 22:26:01',18.11,3,2),(448,'2020-06-14 22:26:22',5.89,2,2),(449,'2020-06-14 22:26:27',18.12,3,2),(450,'2020-06-14 22:26:39',6.4,2,2),(451,'2020-06-14 22:26:49',18.68,3,2),(452,'2020-06-14 22:26:50',246.696,4,2),(453,'2020-06-14 22:28:19',4.81,2,2),(454,'2020-06-14 22:28:24',18.67,3,2),(455,'2020-06-14 22:28:56',4.35,2,2),(456,'2020-06-14 22:29:06',19.22,3,2),(457,'2020-06-14 22:29:06',242.291,4,2),(458,'2020-06-14 22:56:43',22.062,1,1),(459,'2020-06-14 22:56:44',19.57,3,1),(460,'2020-06-14 23:10:01',22.062,1,1),(461,'2020-06-14 23:10:02',19.21,3,1),(462,'2020-06-14 23:10:45',22.125,1,1),(463,'2020-06-14 23:10:46',19.68,3,1),(464,'2020-06-14 23:10:52',22.187,1,1),(465,'2020-06-14 23:10:53',19.05,3,1),(466,'2020-06-14 23:11:45',22.125,1,1),(467,'2020-06-14 23:11:46',19.63,3,1),(468,'2020-06-14 23:17:05',22.125,1,1),(469,'2020-06-14 23:17:06',19.23,3,1),(470,'2020-06-14 23:20:26',22.062,1,1),(471,'2020-06-14 23:20:28',19.16,3,1),(472,'2020-06-14 23:28:08',22.125,1,1),(473,'2020-06-14 23:28:10',19.65,3,1),(474,'2020-06-14 23:31:23',22.125,1,1),(475,'2020-06-14 23:31:24',19.24,3,1),(476,'2020-06-14 23:33:17',22.125,1,1),(477,'2020-06-14 23:33:18',19.12,3,1),(478,'2020-06-14 23:35:36',22.125,1,1),(479,'2020-06-14 23:35:37',19.22,3,1),(480,'2020-06-14 23:36:35',22.125,1,1),(481,'2020-06-14 23:36:37',19.23,3,1),(482,'2020-06-14 23:37:46',22.062,1,1),(483,'2020-06-14 23:37:48',19.57,3,1),(484,'2020-06-14 23:40:42',22.062,1,1),(485,'2020-06-14 23:40:43',19.17,3,1),(486,'2020-06-14 23:48:34',22.062,1,1),(487,'2020-06-14 23:48:35',19.15,3,1),(488,'2020-06-14 23:50:59',22.125,1,1),(489,'2020-06-14 23:51:01',19.17,3,1),(490,'2020-06-15 00:08:14',22.062,1,1),(491,'2020-06-15 00:08:15',19.2,3,1),(492,'2020-06-15 00:08:20',22.187,1,1),(493,'2020-06-15 00:08:22',19.23,3,1),(494,'2020-06-15 00:13:44',22.062,1,1),(495,'2020-06-15 00:13:46',19.58,3,1),(496,'2020-06-15 00:14:29',22.125,1,1),(497,'2020-06-15 00:14:30',19.69,3,1),(498,'2020-06-15 00:14:33',22.187,1,1),(499,'2020-06-15 00:14:34',19.59,3,1),(500,'2020-06-15 00:14:40',22.187,1,1),(501,'2020-06-15 00:14:41',19.59,3,1),(502,'2020-06-15 00:24:43',22.125,1,1),(503,'2020-06-15 00:24:44',19.13,3,1),(504,'2020-06-15 00:25:19',22.125,1,1),(505,'2020-06-15 00:25:20',19.14,3,1),(506,'2020-06-15 00:27:23',22.125,1,1),(507,'2020-06-15 00:27:24',19.14,3,1),(508,'2020-06-15 00:28:02',22.125,1,1),(509,'2020-06-15 00:28:03',19.62,3,1),(510,'2020-06-15 00:28:47',22.125,1,1),(511,'2020-06-15 00:28:48',19.21,3,1),(512,'2020-06-15 00:41:44',22.062,1,1),(513,'2020-06-15 00:41:45',19.62,3,1),(514,'2020-06-15 00:43:52',22.125,1,1),(515,'2020-06-15 00:43:53',19.14,3,1),(516,'2020-06-15 00:43:59',22.125,1,1),(517,'2020-06-15 00:44:01',19.56,3,1),(518,'2020-06-15 00:44:22',22.125,1,1),(519,'2020-06-15 00:44:23',19.63,3,1),(520,'2020-06-15 00:45:12',22.125,1,1),(521,'2020-06-15 00:45:13',19.66,3,1),(522,'2020-06-15 00:46:51',22.125,1,1),(523,'2020-06-15 00:46:52',19.25,3,1),(524,'2020-06-15 00:47:24',22.125,1,1),(525,'2020-06-15 00:47:26',19.15,3,1),(526,'2020-06-15 00:48:11',22.125,1,1),(527,'2020-06-15 00:48:13',19.13,3,1),(528,'2020-06-15 00:52:21',22.125,1,1),(529,'2020-06-15 00:52:23',19.17,3,1),(530,'2020-06-15 00:52:31',22.187,1,1),(531,'2020-06-15 00:52:32',19.16,3,1),(532,'2020-06-15 01:06:31',22.187,1,1),(533,'2020-06-15 01:06:32',19.17,3,1),(534,'2020-06-15 01:06:40',22.187,1,1),(535,'2020-06-15 01:06:41',19.15,3,1),(536,'2020-06-15 01:07:53',22.187,1,1),(537,'2020-06-15 01:07:54',19.2,3,1),(538,'2020-06-15 01:08:00',22.25,1,1),(539,'2020-06-15 01:08:02',19.23,3,1),(540,'2020-06-15 01:08:18',22.187,1,1),(541,'2020-06-15 01:08:19',19.19,3,1),(542,'2020-06-15 01:08:32',22.187,1,1),(543,'2020-06-15 01:08:33',19.22,3,1),(544,'2020-06-15 01:08:50',22.25,1,1),(545,'2020-06-15 01:08:51',19.23,3,1),(546,'2020-06-15 01:10:14',22.125,1,1),(547,'2020-06-15 01:10:15',19.14,3,1),(548,'2020-06-15 01:11:53',22.125,1,1),(549,'2020-06-15 01:11:54',19.64,3,1),(550,'2020-06-15 01:12:59',22.125,1,1),(551,'2020-06-15 01:13:01',19.12,3,1),(552,'2020-06-15 01:13:52',22.125,1,1),(553,'2020-06-15 01:13:53',19.17,3,1),(554,'2020-06-15 01:14:16',22.187,1,1),(555,'2020-06-15 01:14:17',19.15,3,1),(556,'2020-06-15 01:14:28',22.187,1,1),(557,'2020-06-15 01:14:29',19.19,3,1),(558,'2020-06-15 01:14:37',22.187,1,1),(559,'2020-06-15 01:14:38',19.19,3,1),(560,'2020-06-15 01:14:46',22.187,1,1),(561,'2020-06-15 01:14:47',19.13,3,1),(562,'2020-06-15 01:14:50',22.25,1,1),(563,'2020-06-15 01:14:51',19.24,3,1),(564,'2020-06-15 01:14:53',22.187,1,1),(565,'2020-06-15 01:14:54',19.23,3,1),(566,'2020-06-15 01:15:18',22.187,1,1),(567,'2020-06-15 01:15:19',19.21,3,1),(568,'2020-06-15 01:16:05',22.187,1,1),(569,'2020-06-15 01:16:06',19.12,3,1),(570,'2020-06-15 01:16:12',22.25,1,1),(571,'2020-06-15 01:16:14',19.18,3,1),(572,'2020-06-15 01:16:25',22.187,1,1),(573,'2020-06-15 01:16:26',19.24,3,1),(574,'2020-06-15 01:16:41',22.187,1,1),(575,'2020-06-15 01:16:42',19.18,3,1),(576,'2020-06-15 01:16:51',22.187,1,1),(577,'2020-06-15 01:16:53',19.16,3,1),(578,'2020-06-15 01:17:32',22.187,1,1),(579,'2020-06-15 01:17:33',19.19,3,1),(580,'2020-06-15 01:17:55',22.187,1,1),(581,'2020-06-15 01:17:56',19.14,3,1),(582,'2020-06-15 01:18:01',22.25,1,1),(583,'2020-06-15 01:18:02',19.18,3,1),(584,'2020-06-15 01:18:08',22.187,1,1),(585,'2020-06-15 01:18:09',19.18,3,1),(586,'2020-06-15 01:18:14',22.25,1,1),(587,'2020-06-15 01:18:15',19.12,3,1),(588,'2020-06-15 01:18:22',22.25,1,1),(589,'2020-06-15 01:18:23',19.18,3,1),(590,'2020-06-15 01:18:28',22.25,1,1),(591,'2020-06-15 01:18:29',19.23,3,1),(592,'2020-06-15 01:24:52',22.187,1,1),(593,'2020-06-15 01:24:53',19.21,3,1),(594,'2020-06-15 01:25:09',22.187,1,1),(595,'2020-06-15 01:25:10',19.12,3,1),(596,'2020-06-15 01:25:45',22.187,1,1),(597,'2020-06-15 01:25:46',19.2,3,1),(598,'2020-06-15 01:26:33',22.187,1,1),(599,'2020-06-15 01:26:34',19.15,3,1),(600,'2020-06-15 01:26:39',22.187,1,1),(601,'2020-06-15 01:26:40',19.22,3,1),(602,'2020-06-15 01:26:51',22.187,1,1),(603,'2020-06-15 01:26:52',19.19,3,1),(604,'2020-06-15 01:27:37',22.187,1,1),(605,'2020-06-15 01:27:38',19.19,3,1),(606,'2020-06-15 01:28:12',22.25,1,1),(607,'2020-06-15 01:28:13',19.18,3,1),(608,'2020-06-15 01:28:40',22.187,1,1),(609,'2020-06-15 01:28:41',19.21,3,1),(610,'2020-06-15 01:28:44',22.25,1,1),(611,'2020-06-15 01:28:45',19.25,3,1),(612,'2020-06-15 01:35:46',22.187,1,1),(613,'2020-06-15 01:35:47',19.18,3,1),(614,'2020-06-15 01:58:04',22.187,1,1),(615,'2020-06-15 01:58:05',19.17,3,1),(616,'2020-06-15 01:58:13',22.25,1,1),(617,'2020-06-15 01:58:14',19.24,3,1),(618,'2020-06-15 01:58:16',22.312,1,1),(619,'2020-06-15 01:58:17',19.18,3,1),(620,'2020-06-15 11:26:39',22.312,1,4),(621,'2020-06-15 11:26:40',19.24,3,4),(622,'2020-06-15 11:27:41',22.375,1,4),(623,'2020-06-15 11:27:42',19.22,3,4),(624,'2020-06-15 11:30:45',22.375,1,4),(625,'2020-06-15 11:30:46',19.23,3,4),(626,'2020-06-15 11:32:53',22.375,1,4),(627,'2020-06-15 11:32:54',19.22,3,4),(628,'2020-06-15 11:33:18',22.437,1,4),(629,'2020-06-15 11:33:19',19.21,3,4),(630,'2020-06-15 11:34:19',22.437,1,4),(631,'2020-06-15 11:34:20',19.21,3,4),(632,'2020-06-15 12:23:10',5.19,2,1),(633,'2020-06-15 12:23:16',19.14,3,1),(634,'2020-06-15 12:23:29',4.43,2,1),(635,'2020-06-15 12:23:39',19.3,3,1),(636,'2020-06-15 12:23:39',70.4846,4,1),(637,'2020-06-15 14:55:27',22.687,1,1),(638,'2020-06-15 14:55:28',19.35,3,1),(639,'2020-06-15 14:58:29',22.75,1,1),(640,'2020-06-15 14:58:30',19.41,3,1),(641,'2020-06-15 15:00:30',22.687,1,1),(642,'2020-06-15 15:00:31',19.31,3,1),(643,'2020-06-15 15:00:47',22.687,1,1),(644,'2020-06-15 15:00:48',19.35,3,1);
/*!40000 ALTER TABLE `History` ENABLE KEYS */;
UNLOCK TABLES;

--
-- Table structure for table `Settings`
--

DROP TABLE IF EXISTS `Settings`;
/*!40101 SET @saved_cs_client     = @@character_set_client */;
/*!40101 SET character_set_client = utf8 */;
CREATE TABLE `Settings` (
  `SettingsID` int(11) NOT NULL AUTO_INCREMENT,
  `DailyGoal` varchar(45) NOT NULL,
  `Datetime` datetime NOT NULL DEFAULT current_timestamp(),
  `UserID` int(11) NOT NULL,
  PRIMARY KEY (`SettingsID`),
  KEY `fk_Settings_User1_idx` (`UserID`),
  CONSTRAINT `fk_Settings_User1` FOREIGN KEY (`UserID`) REFERENCES `User` (`UserID`) ON DELETE NO ACTION ON UPDATE NO ACTION
) ENGINE=InnoDB AUTO_INCREMENT=31 DEFAULT CHARSET=utf8;
/*!40101 SET character_set_client = @saved_cs_client */;

--
-- Dumping data for table `Settings`
--

LOCK TABLES `Settings` WRITE;
/*!40000 ALTER TABLE `Settings` DISABLE KEYS */;
INSERT INTO `Settings` VALUES (1,'2000','2020-06-12 21:59:27',1),(2,'1500','2020-06-12 23:09:13',1),(3,'2000','2020-06-12 23:09:40',2),(4,'2000','2020-06-12 23:14:59',1),(5,'3000','2020-06-14 19:14:56',1),(6,'2000','2020-06-14 19:15:20',1),(7,'1500','2020-06-14 21:11:02',1),(8,'2000','2020-06-14 21:59:27',1),(9,'1500','2020-06-14 22:00:13',1),(10,'2000','2020-06-14 22:01:05',1),(11,'2500','2020-06-14 22:03:44',1),(12,'2000','2020-06-14 22:07:53',1),(13,'1500','2020-06-14 22:11:49',1),(14,'1500','2020-06-14 22:16:24',2),(15,'2000','2020-06-14 22:25:10',2),(16,'2500','2020-06-14 22:28:06',2),(17,'','2020-06-14 23:00:12',1),(18,'2000','2020-06-14 23:00:21',1),(19,'','2020-06-14 23:00:55',1),(20,'2000','2020-06-14 23:01:01',1),(21,'kl','2020-06-14 23:47:33',1),(22,'2000','2020-06-14 23:47:43',1),(23,'ks','2020-06-14 23:48:51',1),(24,'2000','2020-06-14 23:48:56',1),(25,'sada','2020-06-14 23:51:16',1),(26,'2000','2020-06-14 23:55:54',1),(27,'1500','2020-06-15 00:13:35',1),(28,'2000','2020-06-15 01:59:02',1),(29,'2000','2020-06-15 11:26:33',4),(30,'1500','2020-06-15 12:23:57',1);
/*!40000 ALTER TABLE `Settings` ENABLE KEYS */;
UNLOCK TABLES;

--
-- Table structure for table `User`
--

DROP TABLE IF EXISTS `User`;
/*!40101 SET @saved_cs_client     = @@character_set_client */;
/*!40101 SET character_set_client = utf8 */;
CREATE TABLE `User` (
  `UserID` int(11) NOT NULL AUTO_INCREMENT,
  `Nickname` varchar(45) NOT NULL,
  `FirstName` varchar(45) NOT NULL,
  `LastName` varchar(45) NOT NULL,
  `Password` varchar(45) NOT NULL,
  `RFID` varchar(45) NOT NULL,
  `ContainerID` int(11) NOT NULL,
  PRIMARY KEY (`UserID`),
  UNIQUE KEY `RFID_UNIQUE` (`RFID`),
  KEY `fk_User_Container1_idx` (`ContainerID`),
  CONSTRAINT `fk_User_Container1` FOREIGN KEY (`ContainerID`) REFERENCES `Container` (`ContainerID`) ON DELETE NO ACTION ON UPDATE NO ACTION
) ENGINE=InnoDB AUTO_INCREMENT=5 DEFAULT CHARSET=utf8;
/*!40101 SET character_set_client = @saved_cs_client */;

--
-- Dumping data for table `User`
--

LOCK TABLES `User` WRITE;
/*!40000 ALTER TABLE `User` DISABLE KEYS */;
INSERT INTO `User` VALUES (1,'MargotDH','Margot','Dh','Margotdh','531563943171',1),(2,'Lennert_vdv','Lennert','VdV','Howest123','249056013324',1),(4,'user','user','user','user123','388955247946',1);
/*!40000 ALTER TABLE `User` ENABLE KEYS */;
UNLOCK TABLES;
/*!40103 SET TIME_ZONE=@OLD_TIME_ZONE */;

/*!40101 SET SQL_MODE=@OLD_SQL_MODE */;
/*!40014 SET FOREIGN_KEY_CHECKS=@OLD_FOREIGN_KEY_CHECKS */;
/*!40014 SET UNIQUE_CHECKS=@OLD_UNIQUE_CHECKS */;
/*!40101 SET CHARACTER_SET_CLIENT=@OLD_CHARACTER_SET_CLIENT */;
/*!40101 SET CHARACTER_SET_RESULTS=@OLD_CHARACTER_SET_RESULTS */;
/*!40101 SET COLLATION_CONNECTION=@OLD_COLLATION_CONNECTION */;
/*!40111 SET SQL_NOTES=@OLD_SQL_NOTES */;

-- Dump completed on 2020-06-15 15:10:36
